game,Release Year
Quantum Break,2016
Freedom Force vs. the 3rd Reich,2005
The Elder Scrolls III: Morrowind,2002
Armored Warfare,2015
FINAL FANTASY VII REMAKE INTERGRADE,2021
Rainbow Six Siege - Pro League Ash Set,2016
FINAL FANTASY® XI: Ultimate Collection Seekers Edition NA,2011
DRAGON QUEST BUILDERS™ 2,2019
Trials of Mana,2020
Bionic Commando Rearmed,2008
DOOM Eternal Year One Pass,2020
Max Payne 2: The Fall of Max Payne,2003
Hunt: Showdown,2018
DRAGON QUEST HEROES™ Slime Edition,2015
Assassin's Creed® III,2012
Dragon Age: Origins - Ultimate Edition,2009
Alpha Protocol,2010
Red Dead Redemption 2,2018
Life is Strange: Before the Storm Remastered,2022
FINAL FANTASY IV: THE AFTER YEARS,2008
Dead Rising 2,2010
Million Arthur: Arcana Blood,2018
Just Cause 4,2018
The Elder Scrolls V: Skyrim,2011
Order of War,2009
"Warhammer 40,000: Dawn of War - Game of the Year Edition",2004
Grand Theft Auto: Vice City - The Definitive Edition,2021
Pillars of Eternity,2015
Hitman GO: Definitive Edition,2016
FINAL FANTASY X/X-2 HD Remaster,2013
Supreme Commander: Forged Alliance,2007
Company of Heroes - Legacy Edition,2006
Dungeon Siege 2,2005
Crysis® 3,2013
NieR:Automata™,2017
Assassin's Creed II,2009
Assassin's Creed Freedom Cry,2013
Deus Ex: Invisible War,2003
Quake III Arena,1999
HeXen II,1997
DOOM (1993),1993
Front Mission Evolved,2010
FINAL FANTASY,1987
Grand Theft Auto V,2013
Hexen: Deathkings of the Dark Citadel,1995
Shogo: Mobile Armor Division,1998
Final Fantasy III (3D Remake),2011
Starfield,2023
Black The Fall,2017
"Warhammer 40,000: Space Marine - Anniversary Edition",2021
DRAGON QUEST® XI: Echoes of an Elusive Age™,2017
Lost Planet 2,2010
Destiny 2,2017
FINAL FANTASY VIII - REMASTERED,2019
Hexen: Beyond Heretic,1995
Life is Strange Remastered,2022
Hatoful Boyfriend,2011
The Centennial Case: A Shijima Story,2022
Doom Eternal - The Ancient Gods - Part One Cosmic DLC,2020
Fallout 3,2008
Resident Evil 5,2009
FINAL FANTASY XIII-2,2011
Ryse: Son of Rome,2013
VALKYRIE ELYSIUM,2022
Omikron - The Nomad Soul,1999
Tomb Raider (VI): The Angel of Darkness,2003
Rainbow Six Siege - Pro League Bandit Set,2016
Actraiser Renaissance,2021
Call of Duty: Black Ops II,2012
CHRONO TRIGGER,1995
Children of Zodiarcs,2017
FINAL FANTASY VI,1994
CHRONO CROSS: THE RADICAL DREAMERS EDITION,2022
CRISIS CORE –FINAL FANTASY VII– REUNION,2022
Resident Evil Revelations,2012
Tomb Raider I,1996
Lara Croft and the Temple of Osiris,2014
Call of Duty: Black Ops - Multiplayer,2010
Jade Empire: Special Edition,2007
DuckTales Remastered,2013
Tomb Raider II,1997
TRIANGLE STRATEGY,2022
Manhunt,2003
Fallout: New Vegas,2010
Crysis Wars,2008
DOOM Eternal,2020
Lost Planet: Extreme Condition,2007
Robinson: The Journey,2016
The Quiet Man,2018
Grand Theft Auto III - The Definitive Edition,2021
Death Rally,1996
Call of Duty: Infinite Warfare,2016
Tom Clancy's Splinter Cell Conviction,2010
Just Cause 2,2010
Tomb Raider: Chronicles,2000
